<?xml version="1.0" encoding="UTF-8"?>
<project-private xmlns="http://www.netbeans.org/ns/project-private/1">
    <editor-bookmarks xmlns="http://www.netbeans.org/ns/editor-bookmarks/2" lastBookmarkId="0"/>
    <open-files xmlns="http://www.netbeans.org/ns/projectui-open-files/2">
        <group>
            <file>file:/home/marcelo/Documents/Banco%20de%20Dados/Projeto_Final_3/Aplicacao_seguranca/src/persistencia/BairroDAO.java</file>
            <file>file:/home/marcelo/Documents/Banco%20de%20Dados/Projeto_Final_3/Aplicacao_seguranca/src/persistencia/OcorrenciaDAO.java</file>
            <file>file:/home/marcelo/Documents/Banco%20de%20Dados/Projeto_Final_3/Aplicacao_seguranca/src/persistencia/CidadaoDAO.java</file>
            <file>file:/home/marcelo/Documents/Banco%20de%20Dados/Projeto_Final_3/Aplicacao_seguranca/src/modelo/Ocorrencia.java</file>
            <file>file:/home/marcelo/Documents/Banco%20de%20Dados/Projeto_Final_3/Aplicacao_seguranca/src/aplicacao_seguranca/Aplicacao_seguranca.java</file>
        </group>
    </open-files>
</project-private>
